{"cameraMode":{"drawMode":0,"name":"Shaded","section":"Shading Mode"},"sceneLighting":true,"audioPlay":false,"sceneViewState":{"showFog":true,"showMaterialUpdate":false,"showSkybox":true,"showFlares":true,"showImageEffects":true,"showParticleSystems":true},"in2DMode":false,"pivot":{"x":-0.1468002200126648,"y":0.3717154860496521,"z":0.28775298595428469},"rotation":{"x":0.18063856661319734,"y":-0.04277403652667999,"z":0.007863873615860939,"w":0.9825875759124756},"size":3.1315906047821047,"orthographic":false}