{"cameraMode":{"drawMode":0,"name":"Shaded","section":"Shading Mode"},"sceneLighting":true,"audioPlay":false,"sceneViewState":{"showFog":true,"showMaterialUpdate":false,"showSkybox":true,"showFlares":true,"showImageEffects":true,"showParticleSystems":true},"in2DMode":false,"pivot":{"x":-0.38435226678848269,"y":1.1893365383148194,"z":0.5088112950325012},"rotation":{"x":0.09764667600393295,"y":0.011937567964196206,"z":-0.0011713801650330425,"w":0.9951488971710205},"size":4.792724609375,"orthographic":false}