{"cameraMode":{"drawMode":0,"name":"Shaded","section":"Shading Mode"},"sceneLighting":true,"audioPlay":false,"sceneViewState":{"showFog":true,"showMaterialUpdate":false,"showSkybox":true,"showFlares":true,"showImageEffects":true,"showParticleSystems":true},"in2DMode":false,"pivot":{"x":0.7368938326835632,"y":3.895427703857422,"z":4.92441987991333},"rotation":{"x":-0.13018862903118134,"y":0.37283483147621157,"z":-0.052919626235961917,"w":-0.9171939492225647},"size":4.8762664794921879,"orthographic":false}