{"cameraMode":{"drawMode":0,"name":"Shaded","section":"Shading Mode"},"sceneLighting":false,"audioPlay":false,"sceneViewState":{"showFog":true,"showMaterialUpdate":false,"showSkybox":true,"showFlares":true,"showImageEffects":true,"showParticleSystems":true},"in2DMode":false,"pivot":{"x":2.6193065643310549,"y":1.32285475730896,"z":-0.7800512313842773},"rotation":{"x":-0.034245118498802188,"y":-0.11964120715856552,"z":-0.004129261244088411,"w":0.9922178387641907},"size":17.061201095581056,"orthographic":false}