{"cameraMode":{"drawMode":0,"name":"Shaded","section":"Shading Mode"},"sceneLighting":true,"audioPlay":false,"sceneViewState":{"showFog":true,"showMaterialUpdate":false,"showSkybox":true,"showFlares":true,"showImageEffects":true,"showParticleSystems":true},"in2DMode":false,"pivot":{"x":0.4485842287540436,"y":5.690650463104248,"z":2.1022567749023439},"rotation":{"x":0.22520409524440766,"y":0.08318595588207245,"z":-0.01930202730000019,"w":0.9705620408058167},"size":4.276266098022461,"orthographic":false}
