{"cameraMode":{"drawMode":0,"name":"Shaded","section":"Shading Mode"},"sceneLighting":false,"audioPlay":false,"sceneViewState":{"showFog":true,"showMaterialUpdate":false,"showSkybox":true,"showFlares":true,"showImageEffects":true,"showParticleSystems":true},"in2DMode":false,"pivot":{"x":4.471933841705322,"y":4.2837419509887699,"z":-1.746698260307312},"rotation":{"x":0.23931047320365907,"y":-0.560515820980072,"z":0.17338694632053376,"w":0.7736210823059082},"size":18.191617965698243,"orthographic":false}