{"cameraMode":{"drawMode":0,"name":"Shaded","section":"Shading Mode"},"sceneLighting":false,"audioPlay":false,"sceneViewState":{"showFog":true,"showMaterialUpdate":false,"showSkybox":true,"showFlares":true,"showImageEffects":true,"showParticleSystems":true},"in2DMode":false,"pivot":{"x":2.5965301990509035,"y":6.681039810180664,"z":-26.766382217407228},"rotation":{"x":-0.004980422556400299,"y":-0.9950146675109863,"z":-0.06876324862241745,"w":0.07206053286790848},"size":15.557363510131836,"orthographic":false}