{"cameraMode":{"drawMode":0,"name":"Shaded","section":"Shading Mode"},"sceneLighting":false,"audioPlay":false,"sceneViewState":{"showFog":true,"showMaterialUpdate":false,"showSkybox":true,"showFlares":true,"showImageEffects":true,"showParticleSystems":true},"in2DMode":false,"pivot":{"x":3.052455425262451,"y":1.297938346862793,"z":-15.684183120727539},"rotation":{"x":0.13543103635311128,"y":-0.09644114226102829,"z":0.013246281072497368,"w":0.985992968082428},"size":3.505021095275879,"orthographic":false}