{"cameraMode":{"drawMode":0,"name":"Shaded","section":"Shading Mode"},"sceneLighting":true,"audioPlay":false,"sceneViewState":{"showFog":true,"showMaterialUpdate":false,"showSkybox":true,"showFlares":true,"showImageEffects":true,"showParticleSystems":true},"in2DMode":false,"pivot":{"x":2.8581936359405519,"y":4.116508960723877,"z":3.4335720539093019},"rotation":{"x":0.047752875834703448,"y":0.26149922609329226,"z":0.012955454178154469,"w":-0.9639347195625305},"size":0.2541728615760803,"orthographic":false}