{"cameraMode":{"drawMode":0,"name":"Shaded","section":"Shading Mode"},"sceneLighting":false,"audioPlay":false,"sceneViewState":{"showFog":true,"showMaterialUpdate":false,"showSkybox":true,"showFlares":true,"showImageEffects":true,"showParticleSystems":true},"in2DMode":false,"pivot":{"x":18.36454963684082,"y":-11.683180809020996,"z":-2.4253153800964357},"rotation":{"x":0.2706764340400696,"y":0.6591696739196777,"z":-0.27675360441207888,"w":0.6446992754936218},"size":37.83454513549805,"orthographic":false}
