{"cameraMode":{"drawMode":0,"name":"Shaded","section":"Shading Mode"},"sceneLighting":false,"audioPlay":false,"sceneViewState":{"showFog":true,"showMaterialUpdate":false,"showSkybox":true,"showFlares":true,"showImageEffects":true,"showParticleSystems":true},"in2DMode":false,"pivot":{"x":0.4231480062007904,"y":3.3952910900115969,"z":-0.8044428825378418},"rotation":{"x":0.013499144464731217,"y":0.014996713027358055,"z":-0.00020292944100219756,"w":0.999796450138092},"size":0.8778488039970398,"orthographic":false}