{"cameraMode":{"drawMode":0,"name":"Shaded","section":"Shading Mode"},"sceneLighting":true,"audioPlay":false,"sceneViewState":{"showFog":true,"showMaterialUpdate":false,"showSkybox":true,"showFlares":true,"showImageEffects":true,"showParticleSystems":true},"in2DMode":false,"pivot":{"x":-0.05246024578809738,"y":0.9264450073242188,"z":-0.3232344090938568},"rotation":{"x":0.12518680095672608,"y":0.6462547779083252,"z":-0.10860604047775269,"w":0.7449079155921936},"size":1.9135782718658448,"orthographic":false}