{"cameraMode":{"drawMode":0,"name":"Shaded","section":"Shading Mode"},"sceneLighting":false,"audioPlay":false,"sceneViewState":{"showFog":true,"showMaterialUpdate":false,"showSkybox":true,"showFlares":true,"showImageEffects":true,"showParticleSystems":true},"in2DMode":false,"pivot":{"x":-5.969668388366699,"y":-6.803292274475098,"z":8.429142951965332},"rotation":{"x":0.36046865582466128,"y":-0.46975383162498476,"z":0.21828997135162354,"w":0.7757211327552795},"size":30.29572868347168,"orthographic":false}