{"cameraMode":{"drawMode":0,"name":"Shaded","section":"Shading Mode"},"sceneLighting":false,"audioPlay":false,"sceneViewState":{"showFog":true,"showMaterialUpdate":false,"showSkybox":true,"showFlares":true,"showImageEffects":true,"showParticleSystems":true},"in2DMode":false,"pivot":{"x":6.853759288787842,"y":1.6530394554138184,"z":-20.497730255126954},"rotation":{"x":0.08972084522247315,"y":-0.256931871175766,"z":0.02396375685930252,"w":0.9619573354721069},"size":-2.549888849258423,"orthographic":false}